,n_estimators,max_features,max_depth,min_samples_split,min_samples_leaf,max_leaf_nodes
gapen_all,384.0,sqrt,27.809902437889214,6.652462701626385,14.509098152667171,
descri,704.0,sqrt,40.74693698003556,13.66784154040429,4.89107283364304,
gapen_all+descri,320.0,sqrt,49.88668181954674,5.286389279326607,7.757511957353781,
