features,method,test_acc,test_ba,test_f1,test_auc,test_mcc,test_sn,test_sp
descri,LGBM,0.9155578300921188,0.9005897299757282,0.8436018957345972,0.9655460352375174,0.786473322299913,0.869140625,0.9320388349514563
descri,XGB,0.9176049129989765,0.8994574050797504,0.8456375838926175,0.9635360231015949,0.7897113360498044,0.861328125,0.9375866851595007
gapen_w,LGBM,0.8725690890481065,0.84312153259362,0.7626310772163966,0.9328941736737171,0.6759639131753349,0.78125,0.90499306518724
gapen_w,XGB,0.8817809621289662,0.841175179871706,0.7701492537313432,0.9359552433685852,0.6908383972297204,0.755859375,0.926490984743412
