features,method,test_acc,test_ba,test_f1,test_auc,test_mcc,test_sn,test_sp
descri,LGBM,0.91453428863869,0.8980067831137309,0.8411037107516651,0.9652575361910544,0.7831870134229926,0.86328125,0.932732316227462
descri,XGB,0.9176049129989764,0.8963082957697642,0.8441432720232332,0.9631283319608184,0.7882043236695124,0.8515625,0.9410540915395283
gapen_all,LGBM,0.8787103377686797,0.8453929546636616,0.7701260911736177,0.9342377936459778,0.6877830227010954,0.775390625,0.9153952843273232
gapen_all,XGB,0.8833162743091095,0.8422154017857143,0.7724550898203594,0.934171425320735,0.6943502233235851,0.755859375,0.9285714285714286
