,kernel,C,gamma
gapen_all,rbf,5.726272656311316,0.011098898098959432
descri,rbf,1.14025491772381,0.021567766244799023
gapen_all+descri,rbf,1.5186990568510723,0.0025477559144419606
