,n_estimators,eta,max_depth,min_child_weight,gamma,subsample,colsample_bytree,reg_lambda,alpha
gapen_all,384.0,0.11433808730262854,7.1233683452190055,1,0,0.9,0.9,2.5,0.6000000000000001
descri,416.0,0.054890366192422504,6.843415222520365,1,0,0.7000000000000001,0.8,1.0,0.9
gapen_all+descri,512.0,0.04556006862451965,7.2521512737593286,1,0,1.0,0.6000000000000001,2.5,1.0
